instance_id,workbook
independent_001,workbooks/independent_001.xlsx
independent_002,workbooks/independent_002.xlsx
independent_003,workbooks/independent_003.xlsx
independent_004,workbooks/independent_004.xlsx
independent_005,workbooks/independent_005.xlsx
independent_006,workbooks/independent_006.xlsx
independent_007,workbooks/independent_007.xlsx
independent_008,workbooks/independent_008.xlsx
independent_009,workbooks/independent_009.xlsx
independent_010,workbooks/independent_010.xlsx
independent_011,workbooks/independent_011.xlsx
independent_012,workbooks/independent_012.xlsx
independent_013,workbooks/independent_013.xlsx
independent_014,workbooks/independent_014.xlsx
independent_015,workbooks/independent_015.xlsx
