stage,case_id,backend,family,kind,count,status,engine,fallback_reason,space_size,visited,evaluated,preparation_evaluations,pruned_states,solutions_seen,required_cells,certificate_bytes,diagnosis_seconds,exhausted_budget,shard_path,shard_sha256
development,f6a02fce89d92dfc7259acee,v4,product,candidate_dependency,16,budget_exceeded,exhaustive,candidate_dependency,65536,8208,4096,0,0,0,16,328393,2.830738667999867,max_evaluations,results/v518_development_predictions_v1/shards/v4_numeric/f6a02fce89d92dfc7259acee.json,acc9b69737c3141671de27171a993bd952fbf9fbb7c14ceff7fec66a7bf8f7e9
development,f6a02fce89d92dfc7259acee,v511,product,candidate_dependency,16,budget_exceeded,exhaustive,candidate_dependency,65536,8208,4096,0,0,0,16,328393,2.830175235999377,max_evaluations,results/v518_development_predictions_v1/shards/v511_numeric/f6a02fce89d92dfc7259acee.json,9d04221ebf46412fcd87c787a25e4232de2e590c8281757f28888a3446684951
development,3eb5c85b71c188603efe7f6a,v4,product,weak_bounds,16,budget_exceeded,independent_binary64_bounds,,65536,10000,0,34,12926,0,16,383710,0.363069627999721,max_nodes,results/v518_development_predictions_v1/shards/v4_numeric/3eb5c85b71c188603efe7f6a.json,87fb1b745559b0751f8fae5e6a272a278ce429fb38927d6f9caf490fc08e0034
development,3eb5c85b71c188603efe7f6a,v511,product,weak_bounds,16,budget_exceeded,independent_binary64_bounds,,65536,10000,0,34,12926,0,16,383710,0.36046806199919956,max_nodes,results/v518_development_predictions_v1/shards/v511_numeric/3eb5c85b71c188603efe7f6a.json,8c7fb091b6b836af80c63a9dcc42765d2617ed4c5b7fcae7a796339668bca9c2
development,492273705a74dba8cd519f9e,v4,product,candidate_dependency,24,budget_exceeded,exhaustive,candidate_dependency,16777216,8216,4096,0,0,0,24,426700,4.477225028999783,max_evaluations,results/v518_development_predictions_v1/shards/v4_numeric/492273705a74dba8cd519f9e.json,93b1a750f66f8b59cdfd7f4454b4568792f8bc0e5d6e059d8b43ef4c82bc4a86
development,492273705a74dba8cd519f9e,v511,product,candidate_dependency,24,budget_exceeded,exhaustive,candidate_dependency,16777216,8216,4096,0,0,0,24,426700,4.265941003999615,max_evaluations,results/v518_development_predictions_v1/shards/v511_numeric/492273705a74dba8cd519f9e.json,ef7ed920700d75835fbf984f6d5a3a3b15fe6760487c49530c05f41a8dd8f7a4
development,8edce25c922b3f60afb343be,v4,product,weak_bounds,24,budget_exceeded,independent_binary64_bounds,,16777216,10000,0,50,12920,0,24,503235,0.48364609199961706,max_nodes,results/v518_development_predictions_v1/shards/v4_numeric/8edce25c922b3f60afb343be.json,b46d57e3fe9641d84f86de39e63289f0a32881f42727cf024d50bbd6bf607546
development,8edce25c922b3f60afb343be,v511,product,weak_bounds,24,budget_exceeded,independent_binary64_bounds,,16777216,10000,0,50,12920,0,24,503235,0.45913818499957415,max_nodes,results/v518_development_predictions_v1/shards/v511_numeric/8edce25c922b3f60afb343be.json,4eb178732705ac7cd38a18fd1036d4933bf122da0f890cf4faa2fda164733cc9
development,baa764e2d3536591ce1ed4a7,v4,product,candidate_dependency,32,budget_exceeded,exhaustive,candidate_dependency,4294967296,8224,4096,0,0,0,32,525006,5.515221297000608,max_evaluations,results/v518_development_predictions_v1/shards/v4_numeric/baa764e2d3536591ce1ed4a7.json,424ca201f3ed9b0c45085275e7f22dfb696cda4e42e4a437853762563f350e18
development,baa764e2d3536591ce1ed4a7,v511,product,candidate_dependency,32,budget_exceeded,exhaustive,candidate_dependency,4294967296,8224,4096,0,0,0,32,525006,5.312164244999622,max_evaluations,results/v518_development_predictions_v1/shards/v511_numeric/baa764e2d3536591ce1ed4a7.json,6baa3028cebacf2db1bfd1ff9ea603074de46e4ecf86f1b30aedc8bddfe2177c
development,b06d8c14f288de9b6864dca0,v4,product,weak_bounds,32,budget_exceeded,independent_binary64_bounds,,4294967296,10000,0,66,12912,0,32,622570,0.5672400519997609,max_nodes,results/v518_development_predictions_v1/shards/v4_numeric/b06d8c14f288de9b6864dca0.json,b77c231350287f7bb6eb8c48551aa818473d1165ea0257e3e36c94a010159c15
development,b06d8c14f288de9b6864dca0,v511,product,weak_bounds,32,budget_exceeded,independent_binary64_bounds,,4294967296,10000,0,66,12912,0,32,622570,0.5360345049994066,max_nodes,results/v518_development_predictions_v1/shards/v511_numeric/b06d8c14f288de9b6864dca0.json,7c0edb0244d3afd0eedc90e135d8715c89e96a2d048862dce4ce206c34cc3eb8
confirmation,9a1f3c2d182fd7ea037199c7,v4,product,candidate_dependency,24,budget_exceeded,exhaustive,candidate_dependency,16777216,8216,4096,0,0,0,24,426700,4.019680409999637,max_evaluations,results/v518_confirmation_predictions_v1/shards/v4_numeric/9a1f3c2d182fd7ea037199c7.json,5fe4463a78130823649c99a98b6e351b2ff80bc07515d1afdfe04e1b3a0db4ac
confirmation,9a1f3c2d182fd7ea037199c7,v511,product,candidate_dependency,24,budget_exceeded,exhaustive,candidate_dependency,16777216,8216,4096,0,0,0,24,426700,4.02241758800028,max_evaluations,results/v518_confirmation_predictions_v1/shards/v511_numeric/9a1f3c2d182fd7ea037199c7.json,bdfc4e513b66434216c5473bf8fe1a0d0abc3758c83fc465c98ecb1f650fa8f3
confirmation,814f6272ff7d79a8146f1bc2,v4,product,candidate_dependency,24,budget_exceeded,exhaustive,candidate_dependency,16777216,8216,4096,0,0,0,24,426700,4.021206692000305,max_evaluations,results/v518_confirmation_predictions_v1/shards/v4_numeric/814f6272ff7d79a8146f1bc2.json,f3f4a5c187f236fd0dbccad4d039de6f3dbcbe62e777ae56441a2a0cff8618a6
confirmation,814f6272ff7d79a8146f1bc2,v511,product,candidate_dependency,24,budget_exceeded,exhaustive,candidate_dependency,16777216,8216,4096,0,0,0,24,426700,3.9529989330003446,max_evaluations,results/v518_confirmation_predictions_v1/shards/v511_numeric/814f6272ff7d79a8146f1bc2.json,63563a8d5d685992fcca139d00dd7bd0f4e94080b0380ed9ed9ef1fa7d30eca2
confirmation,51e4aee7a7dc359381822f0b,v4,product,weak_bounds,24,budget_exceeded,independent_binary64_bounds,,16777216,10000,0,50,12920,0,24,503235,0.46779308399982256,max_nodes,results/v518_confirmation_predictions_v1/shards/v4_numeric/51e4aee7a7dc359381822f0b.json,e9053e2bb4ea57e860cd5128ccae82f72a2611e0d27956d1788ffd4d2279046c
confirmation,51e4aee7a7dc359381822f0b,v511,product,weak_bounds,24,budget_exceeded,independent_binary64_bounds,,16777216,10000,0,50,12920,0,24,503235,0.4561660990002565,max_nodes,results/v518_confirmation_predictions_v1/shards/v511_numeric/51e4aee7a7dc359381822f0b.json,acad5d20a7a7a45c8c97a6819a952fbcdf96ac4669308147c762b0a76a627021
confirmation,191bcb5268165b56b5056093,v4,product,weak_bounds,24,budget_exceeded,independent_binary64_bounds,,16777216,10000,0,50,12920,0,24,503235,0.45617091600070125,max_nodes,results/v518_confirmation_predictions_v1/shards/v4_numeric/191bcb5268165b56b5056093.json,a060be4c296da3928ccd6017171d9e3d993fd4e847112849171ac1b7a059f5f6
confirmation,191bcb5268165b56b5056093,v511,product,weak_bounds,24,budget_exceeded,independent_binary64_bounds,,16777216,10000,0,50,12920,0,24,503235,0.45297943399964424,max_nodes,results/v518_confirmation_predictions_v1/shards/v511_numeric/191bcb5268165b56b5056093.json,ab4c15e4e23ed69e841325d29d87a506fd3f2f22e57c9228636447aa68200f20
confirmation,23d7f48741536f28b5713142,v4,ratio,candidate_dependency,24,budget_exceeded,exhaustive,candidate_dependency,16777216,8216,4096,0,0,0,24,426700,3.9189862740004173,max_evaluations,results/v518_confirmation_predictions_v1/shards/v4_numeric/23d7f48741536f28b5713142.json,df5f1fbd1f96e539529608381e1bbee0f1000d12c3dfd8acc4a9f4c39dec000f
confirmation,23d7f48741536f28b5713142,v511,ratio,candidate_dependency,24,budget_exceeded,exhaustive,candidate_dependency,16777216,8216,4096,0,0,0,24,426700,3.9194955509992724,max_evaluations,results/v518_confirmation_predictions_v1/shards/v511_numeric/23d7f48741536f28b5713142.json,7c16a4dd5936d32b78ff47842e5ea9182b304cba08c92f6f05f578dae4d9e2c0
confirmation,4385efa3fcf49b8a32ee5578,v4,ratio,candidate_dependency,24,budget_exceeded,exhaustive,candidate_dependency,16777216,8216,4096,0,0,0,24,426700,3.9465165440005876,max_evaluations,results/v518_confirmation_predictions_v1/shards/v4_numeric/4385efa3fcf49b8a32ee5578.json,92042807e9618cd180e7f53b591fcceaaded7ba286c46cd09bf81ef19fda129a
confirmation,4385efa3fcf49b8a32ee5578,v511,ratio,candidate_dependency,24,budget_exceeded,exhaustive,candidate_dependency,16777216,8216,4096,0,0,0,24,426700,3.9366763990001346,max_evaluations,results/v518_confirmation_predictions_v1/shards/v511_numeric/4385efa3fcf49b8a32ee5578.json,f0efd6cb6c5dcb5abcc43ba8fdf9ee8f9f4c91edecc66f95fedafdfdca41912a
confirmation,2c9b8aafd64f869f0d1888da,v4,ratio,weak_bounds,24,budget_exceeded,independent_binary64_bounds,,16777216,10000,0,50,12920,0,24,503235,0.4323666639993462,max_nodes,results/v518_confirmation_predictions_v1/shards/v4_numeric/2c9b8aafd64f869f0d1888da.json,4405f70277f2768ace1b8418786e4dc994b2f4b6c40b3b64ad5e39f6f30382b1
confirmation,2c9b8aafd64f869f0d1888da,v511,ratio,weak_bounds,24,budget_exceeded,independent_binary64_bounds,,16777216,10000,0,50,12920,0,24,503235,0.4288816179996502,max_nodes,results/v518_confirmation_predictions_v1/shards/v511_numeric/2c9b8aafd64f869f0d1888da.json,4a69246d90471683d8c78533e49d8165ca1f86731f98354bf1d892b3010c32d9
confirmation,cef74e120419221e3baf5a8c,v4,ratio,weak_bounds,24,budget_exceeded,independent_binary64_bounds,,16777216,10000,0,50,12920,0,24,503235,0.4347404979998828,max_nodes,results/v518_confirmation_predictions_v1/shards/v4_numeric/cef74e120419221e3baf5a8c.json,cd363dee249852161597c03ccf96a8709730b2f245a8745eb76f1e7c2caa0c58
confirmation,cef74e120419221e3baf5a8c,v511,ratio,weak_bounds,24,budget_exceeded,independent_binary64_bounds,,16777216,10000,0,50,12920,0,24,503235,0.4488702939997893,max_nodes,results/v518_confirmation_predictions_v1/shards/v511_numeric/cef74e120419221e3baf5a8c.json,dabf0a2b7087f832cb78c7fb8f8d912d2ea6241ef93c7766eebc0dd27d5794ed
confirmation,8c8b02219e6b73ec77398242,v4,weighted,candidate_dependency,24,budget_exceeded,exhaustive,candidate_dependency,16777216,8216,4096,0,0,0,24,426700,5.274264642000162,max_evaluations,results/v518_confirmation_predictions_v1/shards/v4_numeric/8c8b02219e6b73ec77398242.json,2e25b8266aa6761a2a9872fcadf7438c3f07c0535e0aa3165a66116807eaf5cb
confirmation,8c8b02219e6b73ec77398242,v511,weighted,candidate_dependency,24,budget_exceeded,exhaustive,candidate_dependency,16777216,8216,4096,0,0,0,24,426700,5.312005476000195,max_evaluations,results/v518_confirmation_predictions_v1/shards/v511_numeric/8c8b02219e6b73ec77398242.json,33d86854c57a6bef931ed369e9dcccb3732e59b6d633a2ce1ca06038a932f117
confirmation,eb21a596a0b88e68ce56ffb4,v4,weighted,candidate_dependency,24,budget_exceeded,exhaustive,candidate_dependency,16777216,8216,4096,0,0,0,24,426700,5.302551008999217,max_evaluations,results/v518_confirmation_predictions_v1/shards/v4_numeric/eb21a596a0b88e68ce56ffb4.json,a8f24763f50a9b188382736640ea1727152fe604706e19dbbc185a74bb57874f
confirmation,eb21a596a0b88e68ce56ffb4,v511,weighted,candidate_dependency,24,budget_exceeded,exhaustive,candidate_dependency,16777216,8216,4096,0,0,0,24,426700,5.309176530000514,max_evaluations,results/v518_confirmation_predictions_v1/shards/v511_numeric/eb21a596a0b88e68ce56ffb4.json,827ce7e660086c1e2608f4380cb57bd704ced6f3e77c18cc706d436eb2f730cc
confirmation,8c64fee383dc5d948db80431,v4,weighted,weak_bounds,24,budget_exceeded,independent_binary64_bounds,,16777216,10000,0,50,12920,0,24,503235,0.45807791000061115,max_nodes,results/v518_confirmation_predictions_v1/shards/v4_numeric/8c64fee383dc5d948db80431.json,ea7bbe6258563ce0b4cae1ef36e5df91eff5f78df418d17a31529ab81337665a
confirmation,8c64fee383dc5d948db80431,v511,weighted,weak_bounds,24,budget_exceeded,independent_binary64_bounds,,16777216,10000,0,50,12920,0,24,503235,0.470881074999852,max_nodes,results/v518_confirmation_predictions_v1/shards/v511_numeric/8c64fee383dc5d948db80431.json,21fa8aaaee2b680ce325d2b5d1d70ee4ff7eec47c9abfa61f3c0898a08527061
confirmation,c642eb9afecb45a1d8a9c633,v4,weighted,weak_bounds,24,budget_exceeded,independent_binary64_bounds,,16777216,10000,0,50,12920,0,24,503235,0.47174630599965894,max_nodes,results/v518_confirmation_predictions_v1/shards/v4_numeric/c642eb9afecb45a1d8a9c633.json,0db5909086f99379ba51c40ab693f8945315426c33f0fa3a524d3a040159a85d
confirmation,c642eb9afecb45a1d8a9c633,v511,weighted,weak_bounds,24,budget_exceeded,independent_binary64_bounds,,16777216,10000,0,50,12920,0,24,503235,0.4661461309997321,max_nodes,results/v518_confirmation_predictions_v1/shards/v511_numeric/c642eb9afecb45a1d8a9c633.json,85f16cd2a638a2d9f86d6a51e6e0504ba38b491ed0fb96392385f6ab29144fdb
confirmation,c03df37afe200e603b35ac01,v4,product,candidate_dependency,32,budget_exceeded,exhaustive,candidate_dependency,4294967296,8224,4096,0,0,0,32,525006,5.674831056000585,max_evaluations,results/v518_confirmation_predictions_v1/shards/v4_numeric/c03df37afe200e603b35ac01.json,7dd78a1270547c76bd68010818060bd481b01146137465dd64de559d46efdf2f
confirmation,c03df37afe200e603b35ac01,v511,product,candidate_dependency,32,budget_exceeded,exhaustive,candidate_dependency,4294967296,8224,4096,0,0,0,32,525006,5.482312832999924,max_evaluations,results/v518_confirmation_predictions_v1/shards/v511_numeric/c03df37afe200e603b35ac01.json,387e003d8b189ee0d09f2f6a7fd3b916a8d6617e735bc520eb238bb09a7c7973
confirmation,020922f67a50ed0c86b4f5c4,v4,product,candidate_dependency,32,budget_exceeded,exhaustive,candidate_dependency,4294967296,8224,4096,0,0,0,32,525006,5.395815579000555,max_evaluations,results/v518_confirmation_predictions_v1/shards/v4_numeric/020922f67a50ed0c86b4f5c4.json,cabd35e731f51a1d153e3ce234f2cbe577820273e2531b854f29fdaefa3ef1c3
confirmation,020922f67a50ed0c86b4f5c4,v511,product,candidate_dependency,32,budget_exceeded,exhaustive,candidate_dependency,4294967296,8224,4096,0,0,0,32,525006,5.383522161000656,max_evaluations,results/v518_confirmation_predictions_v1/shards/v511_numeric/020922f67a50ed0c86b4f5c4.json,bf7447a50e18f858a608d3a29250c02a51170a703304af97068d749bdd29d834
confirmation,f53d896d307f261f61ae8663,v4,product,weak_bounds,32,budget_exceeded,independent_binary64_bounds,,4294967296,10000,0,66,12912,0,32,622570,0.6025135439995211,max_nodes,results/v518_confirmation_predictions_v1/shards/v4_numeric/f53d896d307f261f61ae8663.json,fa11033035bf7d389539ed45712e4f45a7a86746c8cece38fbd90d01e7db6410
confirmation,f53d896d307f261f61ae8663,v511,product,weak_bounds,32,budget_exceeded,independent_binary64_bounds,,4294967296,10000,0,66,12912,0,32,622570,0.5471934329998476,max_nodes,results/v518_confirmation_predictions_v1/shards/v511_numeric/f53d896d307f261f61ae8663.json,c0fdcf028f93cb4dd2353c00278649dcfb1882fd0c136b36fe5c6ecdb2fb5e81
confirmation,583b9f18e8a91821f456c9e8,v4,product,weak_bounds,32,budget_exceeded,independent_binary64_bounds,,4294967296,10000,0,66,12912,0,32,622570,0.5442107549997672,max_nodes,results/v518_confirmation_predictions_v1/shards/v4_numeric/583b9f18e8a91821f456c9e8.json,eeedd8ed151b3c4292fc5995ac8cde4b6b6bc6fa40b949bb4e99c58161b1c1db
confirmation,583b9f18e8a91821f456c9e8,v511,product,weak_bounds,32,budget_exceeded,independent_binary64_bounds,,4294967296,10000,0,66,12912,0,32,622570,0.550947979000739,max_nodes,results/v518_confirmation_predictions_v1/shards/v511_numeric/583b9f18e8a91821f456c9e8.json,4c85e712d060eb3ea08fb28aba43f482c391d34e3513fb32f98cd0d787b7354d
confirmation,70a1cf392340f829827edfae,v4,ratio,candidate_dependency,32,budget_exceeded,exhaustive,candidate_dependency,4294967296,8224,4096,0,0,0,32,525006,5.305429355000342,max_evaluations,results/v518_confirmation_predictions_v1/shards/v4_numeric/70a1cf392340f829827edfae.json,86d7337e91123254ee209a8592bcb2fe300c31a43f0db9fb877f16fac05cc07a
confirmation,70a1cf392340f829827edfae,v511,ratio,candidate_dependency,32,budget_exceeded,exhaustive,candidate_dependency,4294967296,8224,4096,0,0,0,32,525006,5.251998805000767,max_evaluations,results/v518_confirmation_predictions_v1/shards/v511_numeric/70a1cf392340f829827edfae.json,91329e5061e11633de7fc6d2099941bd1a52f413777385f3cdfd27fecaf7fada
confirmation,192aa619aa2a47a39f840ff6,v4,ratio,candidate_dependency,32,budget_exceeded,exhaustive,candidate_dependency,4294967296,8224,4096,0,0,0,32,525006,5.343785175999983,max_evaluations,results/v518_confirmation_predictions_v1/shards/v4_numeric/192aa619aa2a47a39f840ff6.json,405ed5b09661ae577510fa1a5bd8892ec22a08bb70f35c3a62fa768be2e10937
confirmation,192aa619aa2a47a39f840ff6,v511,ratio,candidate_dependency,32,budget_exceeded,exhaustive,candidate_dependency,4294967296,8224,4096,0,0,0,32,525006,5.211904421999861,max_evaluations,results/v518_confirmation_predictions_v1/shards/v511_numeric/192aa619aa2a47a39f840ff6.json,8b7b7bfd598db7d806ef39ff0d2d1afb0fe659c79ddc087a6077d5830a66c594
confirmation,8f222660e8d179862c9986c0,v4,ratio,weak_bounds,32,budget_exceeded,independent_binary64_bounds,,4294967296,10000,0,66,12912,0,32,622570,0.518929188000584,max_nodes,results/v518_confirmation_predictions_v1/shards/v4_numeric/8f222660e8d179862c9986c0.json,9ae44f1afc0469725597de6745e95965f719a4fa3ed41202ddc1f29376ae8059
confirmation,8f222660e8d179862c9986c0,v511,ratio,weak_bounds,32,budget_exceeded,independent_binary64_bounds,,4294967296,10000,0,66,12912,0,32,622570,0.6594260729998496,max_nodes,results/v518_confirmation_predictions_v1/shards/v511_numeric/8f222660e8d179862c9986c0.json,824325f955cd10230514f754a156711e3dd31f15dc67ba204d6d4ed1601c9861
confirmation,2f90a7158cb25cda5e875c80,v4,ratio,weak_bounds,32,budget_exceeded,independent_binary64_bounds,,4294967296,10000,0,66,12912,0,32,622570,0.5247043050003413,max_nodes,results/v518_confirmation_predictions_v1/shards/v4_numeric/2f90a7158cb25cda5e875c80.json,17fb21c78c3245f637a0b795da964cfb738043c9a02355ba17c1b9335cd91219
confirmation,2f90a7158cb25cda5e875c80,v511,ratio,weak_bounds,32,budget_exceeded,independent_binary64_bounds,,4294967296,10000,0,66,12912,0,32,622570,0.5111903610004447,max_nodes,results/v518_confirmation_predictions_v1/shards/v511_numeric/2f90a7158cb25cda5e875c80.json,f9d1994f1abb893c8090870b268af86f95c21f91e6ed607a76824de17bf42678
confirmation,b6b2c2b1b589416223b3884f,v4,weighted,candidate_dependency,32,budget_exceeded,exhaustive,candidate_dependency,4294967296,8224,4096,0,0,0,32,525006,7.173684259999391,max_evaluations,results/v518_confirmation_predictions_v1/shards/v4_numeric/b6b2c2b1b589416223b3884f.json,87d34faf422d38da5a4a14561479e2f13d031def849714310f1058d37eed02b1
confirmation,b6b2c2b1b589416223b3884f,v511,weighted,candidate_dependency,32,budget_exceeded,exhaustive,candidate_dependency,4294967296,8224,4096,0,0,0,32,525006,6.869374987999436,max_evaluations,results/v518_confirmation_predictions_v1/shards/v511_numeric/b6b2c2b1b589416223b3884f.json,0f2cf655e890c9d5f1d21567ec770086eeedd9db01fa8f8698eb04d86c6f2726
confirmation,65c99634596585ef3c8d6c12,v4,weighted,candidate_dependency,32,budget_exceeded,exhaustive,candidate_dependency,4294967296,8224,4096,0,0,0,32,525006,7.1128311209995445,max_evaluations,results/v518_confirmation_predictions_v1/shards/v4_numeric/65c99634596585ef3c8d6c12.json,86cc6572930b86111c78d80d1ecb26fcb3fc812d01f499d6de0ef0fe2bea0a84
confirmation,65c99634596585ef3c8d6c12,v511,weighted,candidate_dependency,32,budget_exceeded,exhaustive,candidate_dependency,4294967296,8224,4096,0,0,0,32,525006,6.686065693999808,max_evaluations,results/v518_confirmation_predictions_v1/shards/v511_numeric/65c99634596585ef3c8d6c12.json,06dc2356cf9a5cb10208c36af1005b568e828caa0c800bf9f11b43d86dffb550
confirmation,7d91eb61064e9a6ea736edff,v4,weighted,weak_bounds,32,budget_exceeded,independent_binary64_bounds,,4294967296,10000,0,66,12912,0,32,622570,0.5922326320005595,max_nodes,results/v518_confirmation_predictions_v1/shards/v4_numeric/7d91eb61064e9a6ea736edff.json,bc51db9bcec606c1f0ea3343d19e5873c42d79f74520f8ebe5b07b3ac1626bca
confirmation,7d91eb61064e9a6ea736edff,v511,weighted,weak_bounds,32,budget_exceeded,independent_binary64_bounds,,4294967296,10000,0,66,12912,0,32,622570,0.5897854779996123,max_nodes,results/v518_confirmation_predictions_v1/shards/v511_numeric/7d91eb61064e9a6ea736edff.json,8d7b2be4d97ddb85c9af456b8d6f075b5549952844594a70c4a84670a82a3cd3
confirmation,894bad0d05e37d618788684f,v4,weighted,weak_bounds,32,budget_exceeded,independent_binary64_bounds,,4294967296,10000,0,66,12912,0,32,622570,0.5639841599995634,max_nodes,results/v518_confirmation_predictions_v1/shards/v4_numeric/894bad0d05e37d618788684f.json,fe2170b3d8ca2f4fb835ca8454ca64887f274144b336b996e86801b7e5c71ea1
confirmation,894bad0d05e37d618788684f,v511,weighted,weak_bounds,32,budget_exceeded,independent_binary64_bounds,,4294967296,10000,0,66,12912,0,32,622570,0.592814589000227,max_nodes,results/v518_confirmation_predictions_v1/shards/v511_numeric/894bad0d05e37d618788684f.json,3d37bc08f9b597d61593555e5540e289e8e240155db090fd3fcad3768eb9e498
